motif_id	motif_alt_id	sequence_name	start	stop	strand	score	p-value	q-value	matched_sequence
FVTREPYVSCDPLECRTFALTQGTTLNNKHSNGTIHDRSPYRTLISVPLG	MEME-1	TRINITY_DN269_c0_g1_i1_1	31	80	+	-162.806	1.08e-08	0.00312	RKNEFHFEDPDLDLDRSIFLSDSSPLRDRAKTDKKHDISKHDGRNQTKLG
NSRFECVAWSSSSCHDGKSWM	MEME-3	TRINITY_DN93_c0_g1_i1_1	60	80	+	-28.0923	4.12e-08	0.019	WSRFESHARSSSSCIGKINHL
FVTREPYVSCDPLECRTFALTQGTTLNNKHSNGTIHDRSPYRTLISVPLG	MEME-1	TRINITY_DN244_c0_g1_i1_3	18	67	+	-172.657	5.13e-08	0.00742	SSGFGEGSNPDKNFLKTLFKSHSSPLRGSAKNDTKHDVSKSFGRTRTKLG
NSRFECVAWSSSSCHDGKSWM	MEME-3	TRINITY_DN259_c0_g1_i1_6	28	48	+	-31.3538	8.49e-08	0.019	QARFADIADSSPSRHEGAGKT
FVTREPYVSCDPLECRTFALTQGTTLNNKHSNGTIHDRSPYRTLISVPLG	MEME-1	TRINITY_DN128_c0_g2_i1_4	2	51	+	-178.687	1.29e-07	0.00935	GPQRSPFISSSCQGWSTTGQCSKPILFLIFINDVTYWRVLFISLLMTPLS
FVTREPYVSCDPLECRTFALTQGTTLNNKHSNGTIHDRSPYRTLISVPLG	MEME-1	TRINITY_DN128_c0_g1_i1_4	26	75	+	-178.687	1.29e-07	0.00935	GPQRNPFISSSCQGWSTTGQCSKPILFLIFINDVTYWRVLFISLLMTPLS
FVTREPYVSCDPLECRTFALTQGTTLNNKHSNGTIHDRSPYRTLISVPLG	MEME-1	TRINITY_DN238_c0_g1_i1_3	87	136	+	-181.642	2.01e-07	0.0104	HHWRSPHLASSGFGCPGPFFGDWCSGKLRSSSRANAARSPARSLPSARIS
NSRFECVAWSSSSCHDGKSWM	MEME-3	TRINITY_DN173_c0_g1_i1_4	69	89	+	-35.1385	2.03e-07	0.019	QSAFLGYGRSSSSHHHGVSLA
FVTREPYVSCDPLECRTFALTQGTTLNNKHSNGTIHDRSPYRTLISVPLG	MEME-1	TRINITY_DN249_c0_g1_i1_1	29	78	+	-182.075	2.15e-07	0.0104	PSFRAGVRSRSPLRPRSFSLDRGPALVPRPSTATRTPRSPLSGPSPSVKG
NSRFECVAWSSSSCHDGKSWM	MEME-3	TRINITY_DN227_c0_g1_i1_2	1	21	+	-35.7538	2.34e-07	0.019	GTRNASIAWRPDGCAVGKRWL
NSRFECVAWSSSSCHDGKSWM	MEME-3	TRINITY_DN297_c0_g1_i1_5	40	60	+	-35.9692	2.46e-07	0.019	TVRVECKGASQSAKWDGRSER
ATAVVKYNGRLTDTIKSWAKNILRTQESECVCINGTCFVVMTDGPANGQA	MEME-2	TRINITY_DN177_c0_g1_i1_1	9	58	+	-176.909	2.58e-07	0.0328	VLASVIFALATATSVGPNLGRPLINSSCLCNKNDGSSFHPTTWHPFVRGA
NSRFECVAWSSSSCHDGKSWM	MEME-3	TRINITY_DN175_c0_g1_i1_2	20	40	+	-36.7385	2.92e-07	0.019	QSRVYEVRAPASSFHRCRIRM
NSRFECVAWSSSSCHDGKSWM	MEME-3	TRINITY_DN188_c0_g1_i1_4	43	63	+	-36.7538	2.93e-07	0.019	PARFIASAASATSGNSGLGAT
NSRFECVAWSSSSCHDGKSWM	MEME-3	TRINITY_DN215_c0_g1_i1_4	32	52	+	-36.9077	3.04e-07	0.019	GSRLMAIGSSSLSLEPGSEQL
NSRFECVAWSSSSCHDGKSWM	MEME-3	TRINITY_DN187_c0_g1_i1_1	40	60	+	-36.9077	3.04e-07	0.019	GSRLMAIGSSSLSLEPGSEQL
NSRFECVAWSSSSCHDGKSWM	MEME-3	TRINITY_DN201_c0_g1_i1_2	7	27	+	-37.4	3.38e-07	0.019	DTIFECIAATRTTHPAGILRT
NSRFECVAWSSSSCHDGKSWM	MEME-3	TRINITY_DN189_c0_g1_i1_5	40	60	+	-37.5385	3.49e-07	0.019	NQRCMCSGWHSGQALDGSSRL
NSRFECVAWSSSSCHDGKSWM	MEME-3	TRINITY_DN186_c0_g1_i1_3	13	33	+	-37.6	3.53e-07	0.019	LAVELMPGGVDSACHPGVGKM
ATAVVKYNGRLTDTIKSWAKNILRTQESECVCINGTCFVVMTDGPANGQA	MEME-2	TRINITY_DN234_c0_g1_i1_3	11	60	+	-179.167	3.62e-07	0.0328	IGKDFHHAEVMNKPLNVDSVSFLLTEADACACSQVDSDTVWDDLHSSGAA
NSRFECVAWSSSSCHDGKSWM	MEME-3	TRINITY_DN275_c0_g1_i1_3	36	56	+	-37.7538	3.65e-07	0.019	GSREVSIAEEGTPCRWRICRP
ATAVVKYNGRLTDTIKSWAKNILRTQESECVCINGTCFVVMTDGPANGQA	MEME-2	TRINITY_DN246_c0_g1_i1_4	26	75	+	-179.379	3.73e-07	0.0328	DGEVDDGRWRLTDTKRSSSVDSPRRVEHDRRKQGEEPFVGNTDPVALSSS
NSRFECVAWSSSSCHDGKSWM	MEME-3	TRINITY_DN292_c0_g1_i1_2	69	89	+	-38.3385	4.14e-07	0.019	LVKGVDVGWSGNLIDDGRSLL
NSRFECVAWSSSSCHDGKSWM	MEME-3	TRINITY_DN232_c0_g1_i1_5	54	74	+	-38.4615	4.25e-07	0.019	GYRQIAIIMSATSSQSEILRK
NSRFECVAWSSSSCHDGKSWM	MEME-3	TRINITY_DN203_c0_g1_i1_3	37	57	+	-38.4923	4.27e-07	0.019	NSRTLMIACVSPSDRDFMETL
NSRFECVAWSSSSCHDGKSWM	MEME-3	TRINITY_DN284_c0_g1_i1_1	7	27	+	-39.0462	4.8e-07	0.019	LGRVVAAARSGSSSQDGSGGE
NSRFECVAWSSSSCHDGKSWM	MEME-3	TRINITY_DN235_c0_g1_i1_3	38	58	+	-39.0769	4.83e-07	0.019	NIIVEAHGRAGTSTLDGSGRN
FVTREPYVSCDPLECRTFALTQGTTLNNKHSNGTIHDRSPYRTLISVPLG	MEME-1	TRINITY_DN245_c0_g1_i1_1	29	78	+	-188.209	5.29e-07	0.0219	ILIHLPLLAQVTTSSRHLLLVVKTLLPQLLKMLSVLRLIPSRTLIRFLQE
ATAVVKYNGRLTDTIKSWAKNILRTQESECVCINGTCFVVMTDGPANGQA	MEME-2	TRINITY_DN279_c0_g1_i1_4	57	106	+	-181.924	5.44e-07	0.0328	PVQSSKNTAQLHTSSCSYSADVSTTPEEETAQIGEDCPLGGADTLEQRTS
ATAVVKYNGRLTDTIKSWAKNILRTQESECVCINGTCFVVMTDGPANGQA	MEME-2	TRINITY_DN207_c0_g1_i1_6	101	150	+	-182.061	5.55e-07	0.0328	MSAFRFCDHSLRTSLGSFGLWKLMTPASRSILANIVLFTMRTDKKSSDSS
NSRFECVAWSSSSCHDGKSWM	MEME-3	TRINITY_DN206_c0_g1_i1_2	20	40	+	-39.9385	5.76e-07	0.019	PSRVCCVRWSGSSCEERRWEA
NSRFECVAWSSSSCHDGKSWM	MEME-3	TRINITY_DN288_c0_g1_i1_3	26	46	+	-39.9846	5.82e-07	0.019	NSGIVAVAPNATSGFGCRERS
FVTREPYVSCDPLECRTFALTQGTTLNNKHSNGTIHDRSPYRTLISVPLG	MEME-1	TRINITY_DN271_c0_g1_i1_1	17	66	+	-189.224	6.12e-07	0.0222	TNQLDGGEDLDPDLTPTIFLSDSSPLRDRAKNDIQHDISKSCGRIRTNPV
NSRFECVAWSSSSCHDGKSWM	MEME-3	TRINITY_DN267_c0_g1_i1_1	32	52	+	-40.3692	6.29e-07	0.019	ISVTVLIELSSSLCVDARSWL
NSRFECVAWSSSSCHDGKSWM	MEME-3	TRINITY_DN177_c0_g1_i1_2	86	106	+	-40.4154	6.35e-07	0.019	VTIELYIAYLTSSLHIGRKIM
NSRFECVAWSSSSCHDGKSWM	MEME-3	TRINITY_DN181_c0_g1_i1_1	41	61	+	-40.4462	6.39e-07	0.019	PSKKGLGARSASSCHDVTEKS
NSRFECVAWSSSSCHDGKSWM	MEME-3	TRINITY_DN224_c0_g1_i1_5	57	77	+	-40.5231	6.49e-07	0.019	GAHFVCLITSITAREKGKMRM
NSRFECVAWSSSSCHDGKSWM	MEME-3	TRINITY_DN212_c0_g1_i1_4	52	72	+	-40.5846	6.57e-07	0.019	QVTEESVAYRLRAVHHGRALL
NSRFECVAWSSSSCHDGKSWM	MEME-3	TRINITY_DN222_c0_g1_i1_2	27	47	+	-40.6769	6.69e-07	0.019	HSKFGHDGNSSTSCFRNGLWT
NSRFECVAWSSSSCHDGKSWM	MEME-3	TRINITY_DN65_c0_g3_i1_2	57	77	+	-40.9846	7.12e-07	0.019	GAGSMCVASSSSSGKDGSLLA
NSRFECVAWSSSSCHDGKSWM	MEME-3	TRINITY_DN65_c0_g2_i1_2	57	77	+	-40.9846	7.12e-07	0.019	GAGSMCVASSSSSGKDGSLLA
NSRFECVAWSSSSCHDGKSWM	MEME-3	TRINITY_DN65_c0_g1_i1_2	57	77	+	-40.9846	7.12e-07	0.019	GAGSMCVASSSSSGKDGSLLA
NSRFECVAWSSSSCHDGKSWM	MEME-3	TRINITY_DN219_c0_g1_i1_4	34	54	+	-41.2769	7.55e-07	0.0195	GSKVMSCTNSSMACGCTRKST
NSRFECVAWSSSSCHDGKSWM	MEME-3	TRINITY_DN180_c0_g1_i1_2	19	39	+	-41.7846	8.36e-07	0.0197	KTRQISTVWAPSSCWTGVLLL
NSRFECVAWSSSSCHDGKSWM	MEME-3	TRINITY_DN221_c0_g1_i1_1	48	68	+	-41.8462	8.46e-07	0.0197	VSDEEAAQWSVSFGVVYRSRT
FVTREPYVSCDPLECRTFALTQGTTLNNKHSNGTIHDRSPYRTLISVPLG	MEME-1	TRINITY_DN128_c0_g4_i1_6	26	75	+	-191.522	8.51e-07	0.0235	GPQRNPFISSSCQGWSTTGQCSKPILFLIFINDVTYWKVLFISLLMTPLS
FVTREPYVSCDPLECRTFALTQGTTLNNKHSNGTIHDRSPYRTLISVPLG	MEME-1	TRINITY_DN128_c0_g3_i1_4	26	75	+	-191.522	8.51e-07	0.0235	GPQRNPFISSSCQGWSTTGQCSKPILFLIFINDVTYWKVLFISLLMTPLS
NSRFECVAWSSSSCHDGKSWM	MEME-3	TRINITY_DN299_c0_g1_i1_1	59	79	+	-42.0154	8.76e-07	0.0197	QSSLESVEWKSSAVSAGQSSL
FVTREPYVSCDPLECRTFALTQGTTLNNKHSNGTIHDRSPYRTLISVPLG	MEME-1	TRINITY_DN3_c0_g1_i1_5	85	134	+	-191.866	8.94e-07	0.0235	FWTRKSEKSRTSTKCSLAFDRNGALLMLFSSSDNCKRSIWKRTSDSTMRL
NSRFECVAWSSSSCHDGKSWM	MEME-3	TRINITY_DN153_c0_g1_i1_2	7	27	+	-42.2769	9.23e-07	0.0197	GARLLSCSSSSSAGKTGRSCL
NSRFECVAWSSSSCHDGKSWM	MEME-3	TRINITY_DN281_c0_g1_i1_6	47	67	+	-42.3538	9.38e-07	0.0197	QSFFIHIAWSSKHRDSEVHRL
ATAVVKYNGRLTDTIKSWAKNILRTQESECVCINGTCFVVMTDGPANGQA	MEME-2	TRINITY_DN75_c0_g2_i1_2	28	77	+	-185.712	9.44e-07	0.0466	TTVLVCRINMLVSVISAIATVITVGFNFSCFFVNFSCFCNKNDGFSFRLT
NSRFECVAWSSSSCHDGKSWM	MEME-3	TRINITY_DN93_c0_g2_i1_1	60	80	+	-42.4154	9.5e-07	0.0197	WSRFESHARSSSSYIGKIYHL
NSRFECVAWSSSSCHDGKSWM	MEME-3	TRINITY_DN253_c0_g1_i1_5	101	121	+	-42.4462	9.55e-07	0.0197	GVPREARGAVGSACSEGRSRV
NSRFECVAWSSSSCHDGKSWM	MEME-3	TRINITY_DN62_c0_g1_i1_5	39	59	+	-42.5231	9.71e-07	0.0197	NSVSISDPWSESKSHIRRARL
NSRFECVAWSSSSCHDGKSWM	MEME-3	TRINITY_DN277_c0_g1_i1_5	43	63	+	-42.6154	9.89e-07	0.0197	PSRSLFLYWSASSASSGPGRM

# FIMO (Find Individual Motif Occurrences): Version 5.0.5 compiled on Aug  6 2019 at 07:48:46
# The format of this file is described at http://meme-suite.org/doc/fimo-output-format.html.
# fimo --oc . --verbosity 1 --thresh 1.0E-6 NA.xml NA_long.protein.fa
